<?xml version="1.0" encoding="ISO-8859-15"?>
<uc-export clientvers="11.0.0-sprint.20141111.1610+build.2828">
<JOBS_GENERIC AttrType="GENERIC" name="PCK.AUTOMIC_OPENSTACK.PRV.JOB.LIST_SERVERS@GENERIC">
<XHEADER state="1">
<Title>List all available servers for provided tenant id</Title>
<ArchiveKey1/>
<ArchiveKey2/>
<Active>1</Active>
<OH_SubType/>
<CustomAttributes KeyListID="0" dataRequestID="0"/>
</XHEADER>
<OUTPUTREG state="1">
<FileReg/>
</OUTPUTREG>
<SYNCREF state="1">
<Syncs/>
</SYNCREF>
<ATTR_JOBS state="1">
<Queue>CLIENT_QUEUE</Queue>
<StartType/>
<HostDst>|&lt;GENERIC&gt;|HOST</HostDst>
<HostATTR_Type>GENERIC</HostATTR_Type>
<CodeName/>
<Login/>
<IntAccount/>
<ExtRepDef>1</ExtRepDef>
<ExtRepAll>0</ExtRepAll>
<ExtRepNone>0</ExtRepNone>
<AutoDeactNo>0</AutoDeactNo>
<AutoDeact1ErrorFree>0</AutoDeact1ErrorFree>
<AutoDeactErrorFree>0</AutoDeactErrorFree>
<DeactWhen/>
<DeactDelay>0</DeactDelay>
<AutoDeactAlways>1</AutoDeactAlways>
<AttDialog>0</AttDialog>
<ActAtRun>0</ActAtRun>
<Consumption>0</Consumption>
<UC4Priority>0</UC4Priority>
<MaxParallel2>0</MaxParallel2>
<MpElse1>1</MpElse1>
<MpElse2>0</MpElse2>
<TZ/>
</ATTR_JOBS>
<RUNTIME state="1">
<MaxRetCode>0</MaxRetCode>
<MrcExecute/>
<MrcElseE>0</MrcElseE>
<FcstStatus>0|U00000000 ??? ""</FcstStatus>
<Ert>4</Ert>
<ErtMethodDef>1</ErtMethodDef>
<ErtMethodFix>0</ErtMethodFix>
<ErtFix>0</ErtFix>
<ErtDynMethod>2|Average</ErtDynMethod>
<ErtMethodDyn>0</ErtMethodDyn>
<ErtCnt>0</ErtCnt>
<ErtCorr>0</ErtCorr>
<ErtIgn>0</ErtIgn>
<ErtIgnFlg>0</ErtIgnFlg>
<ErtMinCnt>0</ErtMinCnt>
<MrtMethodNone>1</MrtMethodNone>
<MrtMethodFix>0</MrtMethodFix>
<MrtFix>0</MrtFix>
<MrtMethodErt>0</MrtMethodErt>
<MrtErt>0</MrtErt>
<MrtMethodDate>0</MrtMethodDate>
<MrtDays>0</MrtDays>
<MrtTime>00:00</MrtTime>
<MrtTZ/>
<SrtMethodNone>1</SrtMethodNone>
<SrtMethodFix>0</SrtMethodFix>
<SrtFix>0</SrtFix>
<SrtMethodErt>0</SrtMethodErt>
<SrtErt>0</SrtErt>
<MrtCancel>0</MrtCancel>
<MrtExecute>0</MrtExecute>
<MrtExecuteObj/>
</RUNTIME>
<DYNVALUES state="1">
<dyntree>
<node content="1" id="VALUE" name="Variables" parent="" type="VALUE">
<VALUE state="1">
<Values/>
<Mode>0</Mode>
</VALUE>
</node>
</dyntree>
</DYNVALUES>
<ROLLBACK state="1">
<RollbackFlag>0</RollbackFlag>
<CBackupObj/>
<CRollbackObj/>
<FBackupPath/>
<FDeleteBefore>0</FDeleteBefore>
<FInclSubDirs>0</FInclSubDirs>
</ROLLBACK>
<PRE_SCRIPT mode="1" replacementmode="1" state="1">
<PSCRI><![CDATA[:INCLUDE PCK.ITPA_SHARED.PUB.INCLUDE.START_STOP_JOB_ACCORDING_TO_AGENT_OS]]></PSCRI>
</PRE_SCRIPT>
<SCRIPT mode="1" state="1">
<MSCRI><![CDATA[: INC PCK.AUTOMIC_OPENSTACK.PUB.INCLUDE.ECHO_ON_OFF
: INC PCK.ITPA_SHARED.PUB.INCLUDE.ATTACH

!-------------------------------------Logging input parameters-------------------------------------------------------------------------------------------------
: INC PCK.ITPA_SHARED.PRV.INCLUDE.LOGGING.HEADER.PARAM_VALIDATION
: SET &UC4RB_LOGGING_PARAMETER# = "Compute URL"
: SET &UC4RB_LOGGING_PARAMETER_VAL# = "&UC4RB_OPS_COMPUTE_URL#"
: INC PCK.ITPA_SHARED.PRV.INCLUDE.LOGGING.PARAM
: SET &UC4RB_LOGGING_PARAMETER# = "Token Id"
: SET &UC4RB_LOGGING_PARAMETER_VAL# = "&UC4RB_OPS_TOKEN_ID#"
: INC PCK.ITPA_SHARED.PRV.INCLUDE.LOGGING.PARAM
: SET &UC4RB_LOGGING_PARAMETER# = "Tenant Id"
: SET &UC4RB_LOGGING_PARAMETER_VAL# = "&UC4RB_OPS_TENANT_ID#"
: INC PCK.ITPA_SHARED.PRV.INCLUDE.LOGGING.PARAM


!------------------------------------------ Buidling java arguments --------------------------------------------------------------------------------------------
! Building output file path
:SET &AGENT_CURR_DIR# = GET_VAR('UC_EX_PATH_TEMP', &AGENT#)
:SET &UC4RB_OPS_FILENAME# = "openstack-serverlist-&$RUNID#.xml"
:PSET &UC4RB_OPS_LIST_SERVERS_XML# = STR_CAT(&AGENT_CURR_DIR#,&UC4RB_OPS_FILENAME#)

! Action name
: SET &UC4RB_OPS_ACTION_NAME# = "LIST_SERVERS"

! Define java options and values
: DEFINE &UC4RB_OPS_OPTIONS#, string, 10

: SET &UC4RB_OPS_OPTIONS#[1] = "-action"
:INC PCK.AUTOMIC_OPENSTACK.PUB.INCLUDE.ESCAPE_ARG_VALUE "TEMP_OPTION_VALUE"="&UC4RB_OPS_ACTION_NAME#"
: SET &UC4RB_OPS_OPTIONS#[2] = "&UC4RB_OPS_OPTION_VALUE#"

: SET &UC4RB_OPS_OPTIONS#[3] = "-computeurl"
: INC PCK.AUTOMIC_OPENSTACK.PUB.INCLUDE.ESCAPE_ARG_VALUE "TEMP_OPTION_VALUE"="&UC4RB_OPS_COMPUTE_URL#"
: SET &UC4RB_OPS_OPTIONS#[4] = "&UC4RB_OPS_OPTION_VALUE#"

: SET &UC4RB_OPS_OPTIONS#[5] = "-tokenid"
: INC PCK.AUTOMIC_OPENSTACK.PUB.INCLUDE.ESCAPE_ARG_VALUE "TEMP_OPTION_VALUE"="&UC4RB_OPS_TOKEN_ID#"
: SET &UC4RB_OPS_OPTIONS#[6] = "&UC4RB_OPS_OPTION_VALUE#"

: SET &UC4RB_OPS_OPTIONS#[7] = "-tenantid"
: INC PCK.AUTOMIC_OPENSTACK.PUB.INCLUDE.ESCAPE_ARG_VALUE "TEMP_OPTION_VALUE"="&UC4RB_OPS_TENANT_ID#"
: SET &UC4RB_OPS_OPTIONS#[8] = "&UC4RB_OPS_OPTION_VALUE#" 

: SET &UC4RB_OPS_OPTIONS#[9] = "-filepath"
: INC PCK.AUTOMIC_OPENSTACK.PUB.INCLUDE.ESCAPE_ARG_VALUE "TEMP_OPTION_VALUE"="&UC4RB_OPS_LIST_SERVERS_XML#"
: SET &UC4RB_OPS_OPTIONS#[10] = "&UC4RB_OPS_OPTION_VALUE#" 

! Build java arguments
: INC PCK.AUTOMIC_OPENSTACK.PUB.INCLUDE.BUILD_JAVA_ARGUMENTS

! Setting execution environment
: INC PCK.AUTOMIC_OPENSTACK.PUB.INCLUDE.SET_EXEC_ENVIRONMENT

! Invoking java binary
java -jar &UC4RB_OPS_PATH_JAR# &UC4RB_OPS_JAVA_ARGUMENTS# 


! Status messages
:SET &UC4RB_LOGGING_INFO# = "******** LIST SERVERS ACTION EXECUTED SUCCESSFULLY ********"
:SET &UC4RB_LOGGING_ERROR# = "******** LIST SERVERS ACTION FAILED ********" 

!------------------------------------------ Error Handling -----------------------------------------------------------------------------------------------------

:INC PCK.AUTOMIC_OPENSTACK.PUB.INCLUDE.CHECK_JOBSTATUS
]]></MSCRI>
</SCRIPT>
<OUTPUTSCAN state="1">
<Inherit>N</Inherit>
<filterobjects/>
<HostFsc/>
<LoginFsc/>
</OUTPUTSCAN>
<POST_SCRIPT mode="1" replacementmode="1" state="1">
<OSCRI><![CDATA[:SET &STATUS# = GET_UC_OBJECT_STATUS(,,"RETCODE")
! In case of success we publish list server xml
:IF &STATUS# EQ 0
:  PUBLISH &UC4RB_OPS_LIST_SERVERS_XML#,,"TOP"
! Publishing total server records found into one AE variable
:  INC PCK.AUTOMIC_OPENSTACK.PUB.INCLUDE.READ_FILE UC4RB_OPS_FILE_PATH = UC4RB_OPS_LIST_SERVERS_XML
:  SET &ROOTHND# = XML_OPEN(STRING, &UC4RB_OPS_FILE_CONTENT#)
:  IF &ROOTHND# <> ""
:     SET &TEMP# = XML_GET_CHILD_COUNT(&ROOTHND#)
:     SET &UC4RB_OPS_SERVER_COUNT# = CONVERT(unsigned,&TEMP#) 
:     PUBLISH &UC4RB_OPS_SERVER_COUNT# ,,"TOP"
:  ENDIF
:  XML_CLOSE  
:ELSE
:  PSET &UC4RB_OPS_LIST_SERVERS_XML# = ""
:  PSET &UC4RB_OPS_SERVER_COUNT# = ""
:ENDIF]]></OSCRI>
</POST_SCRIPT>
<DOCU_Docu state="1" type="text">
<DOC/>
</DOCU_Docu>
</JOBS_GENERIC>
</uc-export>
