<?xml version="1.0" encoding="ISO-8859-15"?>
<uc-export clientvers="11.0.0-sprint.20141111.1610+build.2828">
<VARA OVD_VRName="FREI" data_type="STATIC" name="PCK.AUTOMIC_OPENSTACK.PRV.VARA.CHANGE_SERVER_STATE" replacementmode="2">
<HEADER state="1">
<Title>Change server state options</Title>
<ArchiveKey1/>
<ArchiveKey2/>
<OH_SubType>STATIC</OH_SubType>
</HEADER>
<ATTR_VARA state="1">
<Type>C|Text</Type>
<lblSource>Static</lblSource>
<source>STATIC</source>
<VRName>FREI|Freely selected</VRName>
<NotFoundErr>0</NotFoundErr>
<NotFoundDef>1</NotFoundDef>
<ShareN>0</ShareN>
<ShareL>0</ShareL>
<ShareR>0</ShareR>
<MaxValue_C>1024</MaxValue_C>
<CheckMax_C>0</CheckMax_C>
<uppercase>0</uppercase>
<sortColumn>0</sortColumn>
<sortDirection>0</sortDirection>
</ATTR_VARA>
<VARA state="1">
<Variables>
<row Name="LOCK" Value="Lock" Value1="" Value2="" Value3="" Value4=""/>
<row Name="PAUSE" Value="Pause" Value1="" Value2="" Value3="" Value4=""/>
<row Name="REBOOT_HARD" Value="Reboot Hard" Value1="" Value2="" Value3="" Value4=""/>
<row Name="REBOOT_SOFT" Value="Reboot Soft" Value1="" Value2="" Value3="" Value4=""/>
<row Name="RESUME" Value="Resume" Value1="" Value2="" Value3="" Value4=""/>
<row Name="START" Value="Start" Value1="" Value2="" Value3="" Value4=""/>
<row Name="STOP" Value="Stop" Value1="" Value2="" Value3="" Value4=""/>
<row Name="SUSPEND" Value="Suspend" Value1="" Value2="" Value3="" Value4=""/>
<row Name="UNLOCK" Value="Unlock" Value1="" Value2="" Value3="" Value4=""/>
<row Name="UNPAUSE" Value="Unpause" Value1="" Value2="" Value3="" Value4=""/>
</Variables>
</VARA>
<DOCU_Docu state="1" type="text">
<DOC/>
</DOCU_Docu>
</VARA>
</uc-export>
