<?xml version="1.0" encoding="ISO-8859-15"?>
<uc-export clientvers="11.0.0-sprint.20141111.1610+build.2828">
<PRPT name="PCK.AUTOMIC_OPENSTACK.PRV.PROMPTSET.CHANGE_SERVER_STATE">
<HEADER state="1">
<Title/>
<ArchiveKey1/>
<ArchiveKey2/>
<OH_SubType/>
</HEADER>
<PROMPTDESIGNER state="1">
<DESIGNER/>
</PROMPTDESIGNER>
<PROMPTSETXUI state="1">
<XUIEDITOR><![CDATA[<dialog height="424" icon="PRPT" id="PRPTS" left="0" top="0" width="441"><readpanel fill="b" id="PRPTBOX" nl="1" scroll="v" text="Provide information to change server state"><properties><entry name="text">Provide information to change server state</entry><entry name="modifiable">0</entry></properties><text alt="1" enabled="1" fill="b" focus="0" id="UC4RB_OPS_SERVER_IDs.00" inputassistance="0" len="" multiline="0" multilineIcon="0" nl="1" regex="" separator=";" showaspassword="0" text="Server Id" tooltip="Specify server ID" upper="0" required="0"><oninputassistant><command request="_internal" target="_view" targetaction="setAttribute" targetparam="promptname|@id"/><command request="_internal" target="_view" targetaction="setAttribute" targetparam="promptvalue|@value"/><command owner="_promptsetcontainer" owneraction="getData" request="getpromptinputassistance" target="_chainwindow"/></oninputassistant>
      
      <properties>
        <entry listparam="C,N" name="reference" reftype="STATIC">UC_DATATYPE_STRING</entry>
        <entry name="xmlkey"/>
        <entry name="xmlpath"/>
        <entry name="text">Server Id</entry>
        <entry name="multiline">0</entry>
        <entry name="multilineIcon">0</entry>
        <entry name="multiselect">0</entry>
        <entry name="separator">;</entry>
        <entry name="len"/>
        <entry name="quotes"/>
        <entry name="id">UC4RB_OPS_SERVER_IDs.00</entry>
        <entry name="regex"/>
        <entry name="inputassistance">0</entry>
        <entry name="enabled">0</entry>
        <entry name="required">1</entry>
        <entry name="upper">0</entry>
        <entry name="focus">0</entry>
        <entry name="showaspassword">0</entry>
        <entry name="tooltip">Specify server ID</entry>
        <entry name="modifiable">1</entry>
        <entry name="customfield"/>
        <entry name="onchangereset"/>
        <entry name="resetable">1</entry>
      <entry name="initvalue"/></properties>
    </text><combo alt="1" dynamic="0" enabled="1" fill="b" filter="0" focus="0" id="UC4RB_OPS_SERVER_ACTIONs.00" nl="1" strict="1" text="Action" tooltip="Select target state for specified server" vtype="i"><command request="_internal" target="_view" targetaction="setAttribute" targetparam="promptname|@id"/><command owner="_self" owneraction="setsource" ownerparam="src|_dialog@src"/><command owner="_promptsetcontainer" owneraction="getData" request="getpromptcombolist" target="_self" targetaction="setlist" wait="0"/>
      
      
      
      <properties>
        <entry listparam="" name="reference" reftype="STATIC">PCK.AUTOMIC_OPENSTACK.PRV.VARA.CHANGE_SERVER_STATE</entry>
        <entry name="xmlkey"/>
        <entry name="xmlpath"/>
        <entry name="text">Action</entry>
        <entry name="quotes"/>
        <entry name="id">UC4RB_OPS_SERVER_ACTIONs.00</entry>
        <entry name="dynamic">0</entry>
        <entry name="enabled">0</entry>
        <entry name="focus">0</entry>
        <entry name="tooltip">Select target state for specified server</entry>
        <entry name="modifiable">1</entry>
        <entry name="onchangereset"/>
        <entry name="customfield"/>
        <entry name="resetable">1</entry>
      <entry name="initvalue"/></properties>
    </combo></readpanel></dialog>]]></XUIEDITOR>
</PROMPTSETXUI>
<PROMPTSETDATA state="1">
<DATAEDITOR><![CDATA[<PRPTS ontop="1"><PRPTBOX><UC4RB_OPS_SERVER_IDs.00 haslist="0" msgnr="-1" msginsert="" altview="0" promptname="UC4RB_OPS_SERVER_ID#" ReadFromTable="OPSE"></UC4RB_OPS_SERVER_IDs.00><UC4RB_OPS_SERVER_ACTIONs.00 haslist="0" msgnr="-1" msginsert="" altview="0" promptname="UC4RB_OPS_SERVER_ACTION#" ReadFromTable="OPSE">Start</UC4RB_OPS_SERVER_ACTIONs.00></PRPTBOX></PRPTS>]]></DATAEDITOR>
</PROMPTSETDATA>
<DOCU_Docu state="1" type="text">
<DOC/>
</DOCU_Docu>
</PRPT>
</uc-export>
