<?xml version="1.0" encoding="ISO-8859-15"?>
<uc-export clientvers="11.0.0-sprint.20141111.1610+build.2828">
<VARA OVD_VRName="FREI" data_type="STATIC" name="PCK.AUTOMIC_OPENSTACK.PUB.PROMPT_EXTERNAL_MAP" replacementmode="2">
<HEADER state="1">
<Title>External Mapping for Openstack</Title>
<ArchiveKey1/>
<ArchiveKey2/>
<OH_SubType>STATIC</OH_SubType>
</HEADER>
<ATTR_VARA state="1">
<Type>C|Text</Type>
<lblSource>Static</lblSource>
<source>STATIC</source>
<VRName>FREI|Freely selected</VRName>
<NotFoundErr>0</NotFoundErr>
<NotFoundDef>1</NotFoundDef>
<ShareN>0</ShareN>
<ShareL>0</ShareL>
<ShareR>0</ShareR>
<MaxValue_C>1024</MaxValue_C>
<CheckMax_C>0</CheckMax_C>
<uppercase>0</uppercase>
<sortColumn>0</sortColumn>
<sortDirection>0</sortDirection>
</ATTR_VARA>
<VARA state="1">
<Variables>
<row Name="PCK.AUTOMIC_OPENSTACK.PUB.ACTION.CHANGE_SERVER_STATE/AGENT#" Value="&amp;AGENT#" Value1="" Value2="" Value3="" Value4=""/>
<row Name="PCK.AUTOMIC_OPENSTACK.PUB.ACTION.CHANGE_SERVER_STATE/LOGIN#" Value="&amp;LOGIN#" Value1="" Value2="" Value3="" Value4=""/>
<row Name="PCK.AUTOMIC_OPENSTACK.PUB.ACTION.CHANGE_SERVER_STATE/UC4RB_OPS_AUTH_TOKEN#" Value="&amp;UC4RB_OPS_AUTH_TOKEN#" Value1="" Value2="" Value3="" Value4=""/>
<row Name="PCK.AUTOMIC_OPENSTACK.PUB.ACTION.CHANGE_SERVER_STATE/UC4RB_OPS_COMPUTE_URL#" Value="EXT:/openstack/endpoints/compute_url" Value1="" Value2="" Value3="" Value4=""/>
<row Name="PCK.AUTOMIC_OPENSTACK.PUB.ACTION.CHANGE_SERVER_STATE/UC4RB_OPS_SERVER_ACTION#" Value="EXT:/openstack/server/server_action" Value1="" Value2="" Value3="" Value4=""/>
<row Name="PCK.AUTOMIC_OPENSTACK.PUB.ACTION.CHANGE_SERVER_STATE/UC4RB_OPS_SERVER_ID#" Value="EXT:/openstack/server_param/server_id" Value1="" Value2="" Value3="" Value4=""/>
<row Name="PCK.AUTOMIC_OPENSTACK.PUB.ACTION.CHANGE_SERVER_STATE/UC4RB_OPS_TENANT_ID" Value="&amp;UC4RB_OPS_TENANT_ID#" Value1="" Value2="" Value3="" Value4=""/>
<row Name="PCK.AUTOMIC_OPENSTACK.PUB.ACTION.CHECK_SERVER_STATUS/AGENT#" Value="&amp;AGENT#" Value1="" Value2="" Value3="" Value4=""/>
<row Name="PCK.AUTOMIC_OPENSTACK.PUB.ACTION.CHECK_SERVER_STATUS/LOGIN#" Value="&amp;LOGIN#" Value1="" Value2="" Value3="" Value4=""/>
<row Name="PCK.AUTOMIC_OPENSTACK.PUB.ACTION.CHECK_SERVER_STATUS/UC4RB_OPS_AUTH_TOKEN#" Value="&amp;UC4RB_OPS_AUTH_TOKEN#" Value1="" Value2="" Value3="" Value4=""/>
<row Name="PCK.AUTOMIC_OPENSTACK.PUB.ACTION.CHECK_SERVER_STATUS/UC4RB_OPS_COMPUTE_URL#" Value="EXT:/openstack/endpoints/compute_url" Value1="" Value2="" Value3="" Value4=""/>
<row Name="PCK.AUTOMIC_OPENSTACK.PUB.ACTION.CHECK_SERVER_STATUS/UC4RB_OPS_MATCH#" Value="EXT:/openstack/server/match" Value1="" Value2="" Value3="" Value4=""/>
<row Name="PCK.AUTOMIC_OPENSTACK.PUB.ACTION.CHECK_SERVER_STATUS/UC4RB_OPS_RETRY_COUNT#" Value="EXT:/openstack/retry_param/retry_count" Value1="" Value2="" Value3="" Value4=""/>
<row Name="PCK.AUTOMIC_OPENSTACK.PUB.ACTION.CHECK_SERVER_STATUS/UC4RB_OPS_RETRY_INTERVAL#" Value="EXT:/openstack/retry_param/retry_interval" Value1="" Value2="" Value3="" Value4=""/>
<row Name="PCK.AUTOMIC_OPENSTACK.PUB.ACTION.CHECK_SERVER_STATUS/UC4RB_OPS_SERVER_ID#" Value="EXT:/openstack/server_param/server_id" Value1="" Value2="" Value3="" Value4=""/>
<row Name="PCK.AUTOMIC_OPENSTACK.PUB.ACTION.CHECK_SERVER_STATUS/UC4RB_OPS_TARGET_STATUS#" Value="EXT:/openstack/server/target_status" Value1="" Value2="" Value3="" Value4=""/>
<row Name="PCK.AUTOMIC_OPENSTACK.PUB.ACTION.CHECK_SERVER_STATUS/UC4RB_OPS_TENANT_ID#" Value="&amp;UC4RB_OPS_TENANT_ID#" Value1="" Value2="" Value3="" Value4=""/>
<row Name="PCK.AUTOMIC_OPENSTACK.PUB.ACTION.CREATE_SERVER_SNAPSHOT/AGENT#" Value="&amp;AGENT#" Value1="" Value2="" Value3="" Value4=""/>
<row Name="PCK.AUTOMIC_OPENSTACK.PUB.ACTION.CREATE_SERVER_SNAPSHOT/LOGIN#" Value="&amp;LOGIN#" Value1="" Value2="" Value3="" Value4=""/>
<row Name="PCK.AUTOMIC_OPENSTACK.PUB.ACTION.CREATE_SERVER_SNAPSHOT/UC4RB_OPS_AUTH_TOKEN#" Value="&amp;UC4RB_OPS_AUTH_TOKEN#" Value1="" Value2="" Value3="" Value4=""/>
<row Name="PCK.AUTOMIC_OPENSTACK.PUB.ACTION.CREATE_SERVER_SNAPSHOT/UC4RB_OPS_COMPUTE_URL#" Value="EXT:/openstack/endpoints/compute_url" Value1="" Value2="" Value3="" Value4=""/>
<row Name="PCK.AUTOMIC_OPENSTACK.PUB.ACTION.CREATE_SERVER_SNAPSHOT/UC4RB_OPS_IMAGE_NAME#" Value="EXT:/openstack/image/image_name" Value1="" Value2="" Value3="" Value4=""/>
<row Name="PCK.AUTOMIC_OPENSTACK.PUB.ACTION.CREATE_SERVER_SNAPSHOT/UC4RB_OPS_SERVER_ID#" Value="EXT:/openstack/server/server_id" Value1="" Value2="" Value3="" Value4=""/>
<row Name="PCK.AUTOMIC_OPENSTACK.PUB.ACTION.CREATE_SERVER_SNAPSHOT/UC4RB_OPS_TENANT_ID#" Value="&amp;UC4RB_OPS_TENANT_ID#" Value1="" Value2="" Value3="" Value4=""/>
<row Name="PCK.AUTOMIC_OPENSTACK.PUB.ACTION.CREATE_SERVERS/AGENT#" Value="&amp;AGENT#" Value1="" Value2="" Value3="" Value4=""/>
<row Name="PCK.AUTOMIC_OPENSTACK.PUB.ACTION.CREATE_SERVERS/LOGIN#" Value="&amp;LOGIN#" Value1="" Value2="" Value3="" Value4=""/>
<row Name="PCK.AUTOMIC_OPENSTACK.PUB.ACTION.CREATE_SERVERS/UC4RB_OPS_AUTH_TOKEN#" Value="&amp;UC4RB_OPS_AUTH_TOKEN#" Value1="" Value2="" Value3="" Value4=""/>
<row Name="PCK.AUTOMIC_OPENSTACK.PUB.ACTION.CREATE_SERVERS/UC4RB_OPS_COMPUTE_URL#" Value="EXT:/openstack/endpoints/compute_url" Value1="" Value2="" Value3="" Value4=""/>
<row Name="PCK.AUTOMIC_OPENSTACK.PUB.ACTION.CREATE_SERVERS/UC4RB_OPS_PARAMETER_FILE#" Value="EXT:/openstack/server/create_server_param_file" Value1="" Value2="" Value3="" Value4=""/>
<row Name="PCK.AUTOMIC_OPENSTACK.PUB.ACTION.CREATE_SERVERS/UC4RB_OPS_TENANT_ID#" Value="&amp;UC4RB_OPS_TENANT_ID#" Value1="" Value2="" Value3="" Value4=""/>
<row Name="PCK.AUTOMIC_OPENSTACK.PUB.ACTION.DELETE_SERVER/AGENT#" Value="&amp;AGENT#" Value1="" Value2="" Value3="" Value4=""/>
<row Name="PCK.AUTOMIC_OPENSTACK.PUB.ACTION.DELETE_SERVER/LOGIN#" Value="&amp;LOGIN#" Value1="" Value2="" Value3="" Value4=""/>
<row Name="PCK.AUTOMIC_OPENSTACK.PUB.ACTION.DELETE_SERVER/UC4RB_OPS_AUTH_TOKEN#" Value="&amp;UC4RB_OPS_AUTH_TOKEN#" Value1="" Value2="" Value3="" Value4=""/>
<row Name="PCK.AUTOMIC_OPENSTACK.PUB.ACTION.DELETE_SERVER/UC4RB_OPS_COMPUTE_URL#" Value="EXT:/openstack/endpoints/compute_url" Value1="" Value2="" Value3="" Value4=""/>
<row Name="PCK.AUTOMIC_OPENSTACK.PUB.ACTION.DELETE_SERVER/UC4RB_OPS_SERVER_ID#" Value="EXT:/openstack/server_param/server_id" Value1="" Value2="" Value3="" Value4=""/>
<row Name="PCK.AUTOMIC_OPENSTACK.PUB.ACTION.DELETE_SERVER/UC4RB_OPS_TENANT_ID#" Value="&amp;UC4RB_OPS_TENANT_ID#" Value1="" Value2="" Value3="" Value4=""/>
<row Name="PCK.AUTOMIC_OPENSTACK.PUB.ACTION.GET_AUTH_TOKEN/AGENT#" Value="&amp;AGENT#" Value1="" Value2="" Value3="" Value4=""/>
<row Name="PCK.AUTOMIC_OPENSTACK.PUB.ACTION.GET_AUTH_TOKEN/LOGIN#" Value="&amp;LOGIN#" Value1="" Value2="" Value3="" Value4=""/>
<row Name="PCK.AUTOMIC_OPENSTACK.PUB.ACTION.GET_AUTH_TOKEN/UC4RB_OPS_IDENTITY_URL#" Value="EXT:/openstack/endpoints/identity_url" Value1="" Value2="" Value3="" Value4=""/>
<row Name="PCK.AUTOMIC_OPENSTACK.PUB.ACTION.GET_AUTH_TOKEN/UC4RB_OPS_PASSWORD#" Value="EXT:/openstack/auth/password" Value1="" Value2="" Value3="" Value4=""/>
<row Name="PCK.AUTOMIC_OPENSTACK.PUB.ACTION.GET_AUTH_TOKEN/UC4RB_OPS_TENANT_NAME#" Value="EXT:/openstack/auth/tenant_name" Value1="" Value2="" Value3="" Value4=""/>
<row Name="PCK.AUTOMIC_OPENSTACK.PUB.ACTION.GET_AUTH_TOKEN/UC4RB_OPS_USERNAME#" Value="EXT:/openstack/auth/user_name" Value1="" Value2="" Value3="" Value4=""/>
<row Name="PCK.AUTOMIC_OPENSTACK.PUB.ACTION.GET_SERVER_DETAILS/AGENT#" Value="&amp;AGENT#" Value1="" Value2="" Value3="" Value4=""/>
<row Name="PCK.AUTOMIC_OPENSTACK.PUB.ACTION.GET_SERVER_DETAILS/LOGIN#" Value="&amp;LOGIN#" Value1="" Value2="" Value3="" Value4=""/>
<row Name="PCK.AUTOMIC_OPENSTACK.PUB.ACTION.GET_SERVER_DETAILS/UC4RB_OPS_AUTH_TOKEN#" Value="&amp;UC4RB_OPS_AUTH_TOKEN#" Value1="" Value2="" Value3="" Value4=""/>
<row Name="PCK.AUTOMIC_OPENSTACK.PUB.ACTION.GET_SERVER_DETAILS/UC4RB_OPS_COMPUTE_URL#" Value="EXT:/openstack/endpoints/compute_url" Value1="" Value2="" Value3="" Value4=""/>
<row Name="PCK.AUTOMIC_OPENSTACK.PUB.ACTION.GET_SERVER_DETAILS/UC4RB_OPS_SERVER_ID#" Value="EXT:/openstack/server_param/server_id" Value1="" Value2="" Value3="" Value4=""/>
<row Name="PCK.AUTOMIC_OPENSTACK.PUB.ACTION.GET_SERVER_DETAILS/UC4RB_OPS_TENANT_ID#" Value="&amp;UC4RB_OPS_TENANT_ID#" Value1="" Value2="" Value3="" Value4=""/>
<row Name="PCK.AUTOMIC_OPENSTACK.PUB.ACTION.LIST_SERVERS/AGENT#" Value="&amp;AGENT#" Value1="" Value2="" Value3="" Value4=""/>
<row Name="PCK.AUTOMIC_OPENSTACK.PUB.ACTION.LIST_SERVERS/LOGIN#" Value="&amp;LOGIN#" Value1="" Value2="" Value3="" Value4=""/>
<row Name="PCK.AUTOMIC_OPENSTACK.PUB.ACTION.LIST_SERVERS/UC4RB_OPS_AUTH_TOKEN#" Value="&amp;UC4RB_OPS_AUTH_TOKEN#" Value1="" Value2="" Value3="" Value4=""/>
<row Name="PCK.AUTOMIC_OPENSTACK.PUB.ACTION.LIST_SERVERS/UC4RB_OPS_COMPUTE_URL#" Value="EXT:/openstack/endpoints/compute_url" Value1="" Value2="" Value3="" Value4=""/>
<row Name="PCK.AUTOMIC_OPENSTACK.PUB.ACTION.LIST_SERVERS/UC4RB_OPS_QUERY_PARAM#" Value="EXT:/openstack/server/list_servers_query_param" Value1="" Value2="" Value3="" Value4=""/>
<row Name="PCK.AUTOMIC_OPENSTACK.PUB.ACTION.LIST_SERVERS/UC4RB_OPS_TENANT_ID#" Value="&amp;UC4RB_OPS_TENANT_ID#" Value1="" Value2="" Value3="" Value4=""/>
<row Name="PCK.AUTOMIC_OPENSTACK.PUB.ACTION.LIST_SNAPSHOTS/AGENT#" Value="&amp;AGENT#" Value1="" Value2="" Value3="" Value4=""/>
<row Name="PCK.AUTOMIC_OPENSTACK.PUB.ACTION.LIST_SNAPSHOTS/LOGIN#" Value="&amp;LOGIN#" Value1="" Value2="" Value3="" Value4=""/>
<row Name="PCK.AUTOMIC_OPENSTACK.PUB.ACTION.LIST_SNAPSHOTS/UC4RB_OPS_AUTH_TOKEN#" Value="&amp;UC4RB_OPS_AUTH_TOKEN#" Value1="" Value2="" Value3="" Value4=""/>
<row Name="PCK.AUTOMIC_OPENSTACK.PUB.ACTION.LIST_SNAPSHOTS/UC4RB_OPS_COMPUTE_URL#" Value="EXT:/openstack/endpoints/compute_url" Value1="" Value2="" Value3="" Value4=""/>
<row Name="PCK.AUTOMIC_OPENSTACK.PUB.ACTION.LIST_SNAPSHOTS/UC4RB_OPS_QUERY_PARAM#" Value="EXT:/openstack/image/list_snapshot_query_param" Value1="" Value2="" Value3="" Value4=""/>
<row Name="PCK.AUTOMIC_OPENSTACK.PUB.ACTION.LIST_SNAPSHOTS/UC4RB_OPS_TENANT_ID#" Value="&amp;UC4RB_OPS_TENANT_ID#" Value1="" Value2="" Value3="" Value4=""/>
</Variables>
</VARA>
<DOCU_Docu state="1" type="text">
<DOC/>
</DOCU_Docu>
</VARA>
</uc-export>
