<?xml version="1.0" encoding="ISO-8859-15"?>
<uc-export clientvers="11.0.0-sprint.20141111.1610+build.2828">
<VARA OVD_VRName="FREI" data_type="STATIC" name="PCK.AUTOMIC_OPENSTACK.PRV.VARA.PACKAGE_PARAMETERS" replacementmode="2">
<HEADER state="1">
<Title>Stores parameters for PCK.AUTOMIC_OPENSTACK</Title>
<ArchiveKey1/>
<ArchiveKey2/>
<OH_SubType>STATIC</OH_SubType>
</HEADER>
<ATTR_VARA state="1">
<Type>N|Number</Type>
<lblSource>Static</lblSource>
<source>STATIC</source>
<VRName>FREI|Freely selected</VRName>
<NotFoundErr>0</NotFoundErr>
<NotFoundDef>1</NotFoundDef>
<ShareN>0</ShareN>
<ShareL>0</ShareL>
<ShareR>0</ShareR>
<OutputFormat_N>0</OutputFormat_N>
<MinValue_N>0</MinValue_N>
<CheckMin_N>1</CheckMin_N>
<MaxValue_N/>
<CheckMax_N>0</CheckMax_N>
<sortColumn>0</sortColumn>
<sortDirection>0</sortDirection>
</ATTR_VARA>
<VARA state="1">
<Variables>
<row Name="CONNECTION_TIMEOUT" Value="30000" Value1="" Value2="" Value3="" Value4=""/>
<row Name="READ_TIMEOUT" Value="60000" Value1="" Value2="" Value3="" Value4=""/>
<row Name="TOKEN_EXPIRY_THRESHOLD" Value="5" Value1="" Value2="" Value3="" Value4=""/>
</Variables>
</VARA>
<DOCU_Docu state="1" type="text">
<DOC/>
</DOCU_Docu>
</VARA>
</uc-export>
