<?xml version="1.0" encoding="ISO-8859-15"?>
<uc-export clientvers="11.0.0-sprint.20141111.1610+build.2828">
<STORE name="PCK.AUTOMIC_OPENSTACK.PRV.CUSTOM_TYPES">
<HEADER state="1">
<Title/>
<ArchiveKey1/>
<ArchiveKey2/>
<OH_SubType/>
</HEADER>
<STORE>
<resourceList>
<row checksum="9BED7E85FF0ACD8325164660B78FC259BF59229BE00F6F61F9E9B283A79BE497" fileType="TEXT" filename="OpenStack_Component.xml" hw="*" id="COMPONENT#OPENSTACK#2-ALL-ALL-ALL" name="COMPONENT#OPENSTACK#2" platform="*" resname="PCK.AUTOMIC_OPENSTACK.PRV.CUSTOM_TYPES-COMPONENT#OPENSTACK#2-ALL-ALL-ALL" size="6387" sw="*" type="3" version="1.0.0"/>
<row checksum="0CDE1DC75C13F35BBD59576A115ABAA6343B4AD5B22BE97F38390E184E9632D3" fileType="TEXT" filename="OpenStack_DepTarget.xml" hw="*" id="DEPLOYMENTTARGET#OPENSTACK#1-ALL-ALL-ALL" name="DEPLOYMENTTARGET#OPENSTACK#1" platform="*" resname="PCK.AUTOMIC_OPENSTACK.PRV.CUSTOM_TYPES-DEPLOYMENTTARGET#OPENSTACK#1-ALL-ALL-ALL" size="1263" sw="*" type="3" version="1.0.0"/>
</resourceList>
</STORE>
<DOCU_Docu state="1" type="text">
<DOC/>
</DOCU_Docu>
</STORE>
</uc-export>
