<?xml version="1.0" encoding="ISO-8859-15"?>
<uc-export clientvers="11.0.0-sprint.20141111.1610+build.2828">
<DOCU name="PCK.AUTOMIC_OPENSTACK.PUB.DOC">
<HEADER state="1">
<Title>Package documentation</Title>
<ArchiveKey1/>
<ArchiveKey2/>
<OH_SubType/>
</HEADER>
<DOCU_Docu state="1" type="text">
<DOC><![CDATA[=Actions=

Following actions are supported for Openstack.

* Action Name: PCK.AUTOMIC_OPENSTACK.PUB.ACTION.GET_AUTH_TOKEN
* Action Description: This action is used to authenticate against OpenStack identity service with valid OpenStack credentials and generates a token id. This token could further be used as an input in subsequent actions to other OpenStack services for instance Compute, Storage etc.
If user provides the tenant name as an input in OpenStack credentials then the action also generates the tenant id.
The result of this action will be the following information published as AE variables:
* token id (always in encrypted form)
* tenant id 
* expiration time of the token

* Action Name: PCK.AUTOMIC_OPENSTACK.PUB.ACTION.LIST_SERVERS
* Action Description: This action is used to get all the servers with corresponding server details from OpenStack cloud and Save the details to 
provides file path in the XML format.

* Action Name:  PCK.AUTOMIC_OPENSTACK.PUB.ACTION.GET_SERVER_DETAILS
* Action Description: This action is used to get the server details from OpenStack cloud as per the specified server id. Output of this action will an xml file path consisting the server information.]]></DOC>
</DOCU_Docu>
</DOCU>
</uc-export>
