<?xml version="1.0" encoding="ISO-8859-15"?>
<uc-export clientvers="11.0.0-sprint.20141111.1610+build.2828">
<STORE name="PCK.AUTOMIC_OPENSTACK.PRV.STORE">
<HEADER state="1">
<Title/>
<ArchiveKey1/>
<ArchiveKey2/>
<OH_SubType/>
</HEADER>
<STORE>
<resourceList>
<row checksum="D9868FBB08C445AC0AB809CF2DB55C11B7419D3853164F5040670774E02195DA" fileType="BINARY" filename="openstacktool.jar" hw="*" id="OPENSTACK-ALL-ALL-ALL" name="OPENSTACK" platform="*" resname="PCK.AUTOMIC_OPENSTACK.PRV.STORE-OPENSTACK-ALL-ALL-ALL" size="3085886" sw="*" type="3" version="1.0.0.201510121742"/>
</resourceList>
</STORE>
<DOCU_Docu state="1" type="text">
<DOC/>
</DOCU_Docu>
</STORE>
</uc-export>
