<?xml version="1.0" encoding="ISO-8859-15"?>
<uc-export clientvers="11.0.0-sprint.20141111.1610+build.2828">
<STORE name="PCK.AUTOMIC_OPENSTACK.PRV.STORE">
<HEADER state="1">
<Title/>
<ArchiveKey1/>
<ArchiveKey2/>
<OH_SubType/>
</HEADER>
<STORE>
<resourceList>
<row checksum="8D2C6B950C51C3E6BCD4587BDBCEFECAF79C9CCFAD41EF87F505EEADBCF1B52A" fileType="BINARY" filename="openstacktool.jar" hw="*" id="OPENSTACK-ALL-ALL-ALL" name="OPENSTACK" platform="*" resname="PCK.AUTOMIC_OPENSTACK.PRV.STORE-OPENSTACK-ALL-ALL-ALL" size="3105701" sw="*" type="3" version="1.0.0.201511051740"/>
</resourceList>
</STORE>
<DOCU_Docu state="1" type="text">
<DOC/>
</DOCU_Docu>
</STORE>
</uc-export>
