<?xml version="1.0" encoding="ISO-8859-15"?>
<uc-export clientvers="11.0.0-sprint.20141111.1610+build.2828">
<JOBS_GENERIC AttrType="GENERIC" name="PCK.AUTOMIC_OPENSTACK.PRV.JOB.CREATE_SERVERS@GENERIC">
<XHEADER state="1">
<Title>Create OpenStack servers</Title>
<ArchiveKey1/>
<ArchiveKey2/>
<Active>1</Active>
<OH_SubType/>
<CustomAttributes KeyListID="0" dataRequestID="0"/>
</XHEADER>
<OUTPUTREG state="1">
<FileReg/>
</OUTPUTREG>
<SYNCREF state="1">
<Syncs/>
</SYNCREF>
<ATTR_JOBS state="1">
<Queue>CLIENT_QUEUE</Queue>
<StartType/>
<HostDst>|&lt;GENERIC&gt;|HOST</HostDst>
<HostATTR_Type>GENERIC</HostATTR_Type>
<CodeName/>
<Login/>
<IntAccount/>
<ExtRepDef>1</ExtRepDef>
<ExtRepAll>0</ExtRepAll>
<ExtRepNone>0</ExtRepNone>
<AutoDeactNo>0</AutoDeactNo>
<AutoDeact1ErrorFree>0</AutoDeact1ErrorFree>
<AutoDeactErrorFree>0</AutoDeactErrorFree>
<DeactWhen/>
<DeactDelay>0</DeactDelay>
<AutoDeactAlways>1</AutoDeactAlways>
<AttDialog>0</AttDialog>
<ActAtRun>0</ActAtRun>
<Consumption>0</Consumption>
<UC4Priority>0</UC4Priority>
<MaxParallel2>0</MaxParallel2>
<MpElse1>1</MpElse1>
<MpElse2>0</MpElse2>
<TZ/>
</ATTR_JOBS>
<RUNTIME state="1">
<MaxRetCode>0</MaxRetCode>
<MrcExecute/>
<MrcElseE>0</MrcElseE>
<FcstStatus>0| |</FcstStatus>
<Ert>4</Ert>
<ErtMethodDef>1</ErtMethodDef>
<ErtMethodFix>0</ErtMethodFix>
<ErtFix>0</ErtFix>
<ErtDynMethod>2|Average</ErtDynMethod>
<ErtMethodDyn>0</ErtMethodDyn>
<ErtCnt>0</ErtCnt>
<ErtCorr>0</ErtCorr>
<ErtIgn>0</ErtIgn>
<ErtIgnFlg>0</ErtIgnFlg>
<ErtMinCnt>0</ErtMinCnt>
<MrtMethodNone>1</MrtMethodNone>
<MrtMethodFix>0</MrtMethodFix>
<MrtFix>0</MrtFix>
<MrtMethodErt>0</MrtMethodErt>
<MrtErt>0</MrtErt>
<MrtMethodDate>0</MrtMethodDate>
<MrtDays>0</MrtDays>
<MrtTime>00:00</MrtTime>
<MrtTZ/>
<SrtMethodNone>1</SrtMethodNone>
<SrtMethodFix>0</SrtMethodFix>
<SrtFix>0</SrtFix>
<SrtMethodErt>0</SrtMethodErt>
<SrtErt>0</SrtErt>
<MrtCancel>0</MrtCancel>
<MrtExecute>0</MrtExecute>
<MrtExecuteObj/>
</RUNTIME>
<DYNVALUES state="1">
<dyntree>
<node content="1" id="VALUE" name="Variables" parent="" type="VALUE">
<VALUE state="1">
<Values/>
<Mode>0</Mode>
</VALUE>
</node>
</dyntree>
</DYNVALUES>
<ROLLBACK state="1">
<RollbackFlag>0</RollbackFlag>
<CBackupObj/>
<CRollbackObj/>
<FBackupPath/>
<FDeleteBefore>0</FDeleteBefore>
<FInclSubDirs>0</FInclSubDirs>
</ROLLBACK>
<PRE_SCRIPT mode="1" replacementmode="1" state="1">
<PSCRI><![CDATA[:INCLUDE PCK.ITPA_SHARED.PUB.INCLUDE.START_STOP_JOB_ACCORDING_TO_AGENT_OS]]></PSCRI>
</PRE_SCRIPT>
<SCRIPT mode="1" state="1">
<MSCRI><![CDATA[: INC PCK.AUTOMIC_OPENSTACK.PUB.INCLUDE.ECHO_ON_OFF
: INC PCK.ITPA_SHARED.PUB.INCLUDE.ATTACH

!-------------------------------------Logging input parameters-------------------------------------------------------------------------------------------------
: INC PCK.ITPA_SHARED.PRV.INCLUDE.LOGGING.HEADER.PARAM_VALIDATION
: SET &UC4RB_LOGGING_PARAMETER# = "Compute URL"
: SET &UC4RB_LOGGING_PARAMETER_VAL# = "&UC4RB_OPS_COMPUTE_URL#"
: INC PCK.ITPA_SHARED.PRV.INCLUDE.LOGGING.PARAM
: SET &UC4RB_LOGGING_PARAMETER# = "Authentication Token"
: SET &UC4RB_LOGGING_PARAMETER_VAL# = "&UC4RB_OPS_AUTH_TOKEN#"
: INC PCK.ITPA_SHARED.PRV.INCLUDE.LOGGING.PARAM
: SET &UC4RB_LOGGING_PARAMETER# = "Tenant Id"
: SET &UC4RB_LOGGING_PARAMETER_VAL# = "&UC4RB_OPS_TENANT_ID#"
: INC PCK.ITPA_SHARED.PRV.INCLUDE.LOGGING.PARAM
: SET &UC4RB_LOGGING_PARAMETER# = "Parameter File"
: SET &UC4RB_LOGGING_PARAMETER_VAL# = "&UC4RB_OPS_PARAMETER_FILE#"
: INC PCK.ITPA_SHARED.PRV.INCLUDE.LOGGING.PARAM


!------------------------------------------ Buidling java arguments --------------------------------------------------------------------------------------------

! Action name
: SET &UC4RB_OPS_ACTION_NAME# = "CREATE_SERVERS"

! Define java options and values
: DEFINE &UC4RB_OPS_OPTIONS#, string, 10

: SET &UC4RB_OPS_OPTIONS#[1] = "-action"
: INC PCK.AUTOMIC_OPENSTACK.PUB.INCLUDE.ESCAPE_ARG_VALUE "TEMP_OPTION_VALUE"="&UC4RB_OPS_ACTION_NAME#"
: SET &UC4RB_OPS_OPTIONS#[2] = "&UC4RB_OPS_OPTION_VALUE#"

: SET &UC4RB_OPS_OPTIONS#[3] = "-computeurl"
: INC PCK.AUTOMIC_OPENSTACK.PUB.INCLUDE.ESCAPE_ARG_VALUE "TEMP_OPTION_VALUE"="&UC4RB_OPS_COMPUTE_URL#"
: SET &UC4RB_OPS_OPTIONS#[4] = "&UC4RB_OPS_OPTION_VALUE#"

: SET &UC4RB_OPS_OPTIONS#[5] = "-tokenid"
: INC PCK.AUTOMIC_OPENSTACK.PUB.INCLUDE.ESCAPE_ARG_VALUE "TEMP_OPTION_VALUE"="&UC4RB_OPS_AUTH_TOKEN#"
: SET &UC4RB_OPS_OPTIONS#[6] = "&UC4RB_OPS_OPTION_VALUE#"

: SET &UC4RB_OPS_OPTIONS#[7] = "-tenantid"
: INC PCK.AUTOMIC_OPENSTACK.PUB.INCLUDE.ESCAPE_ARG_VALUE "TEMP_OPTION_VALUE"="&UC4RB_OPS_TENANT_ID#"
: SET &UC4RB_OPS_OPTIONS#[8] = "&UC4RB_OPS_OPTION_VALUE#"

: SET &UC4RB_OPS_OPTIONS#[9] = "-parameterfile"
: INC PCK.AUTOMIC_OPENSTACK.PUB.INCLUDE.ESCAPE_ARG_VALUE "TEMP_OPTION_VALUE"="&UC4RB_OPS_PARAMETER_FILE#"
: SET &UC4RB_OPS_OPTIONS#[10] = "&UC4RB_OPS_OPTION_VALUE#"

! Build java arguments
:  INC PCK.AUTOMIC_OPENSTACK.PUB.INCLUDE.BUILD_JAVA_ARGUMENTS

! Setting execution environment
: INC PCK.AUTOMIC_OPENSTACK.PUB.INCLUDE.SET_EXEC_ENVIRONMENT

! Invoking java binary
java -jar &UC4RB_OPS_PATH_JAR# &UC4RB_OPS_JAVA_ARGUMENTS#


! Status messages
:SET &UC4RB_LOGGING_INFO# = "******** CREATE SERVERS ACTION EXECUTED SUCCESSFULLY ********"
:SET &UC4RB_LOGGING_ERROR# = "******** CREATE SERVERS ACTION FAILED ********"

!------------------------------------------ Error Handling  -----------------------------------------------------------------------------------------------------

:INC PCK.AUTOMIC_OPENSTACK.PUB.INCLUDE.CHECK_JOBSTATUS]]></MSCRI>
</SCRIPT>
<OUTPUTSCAN state="1">
<Inherit>N</Inherit>
<filterobjects/>
<HostFsc/>
<LoginFsc/>
</OUTPUTSCAN>
<POST_SCRIPT mode="1" replacementmode="1" state="1">
<OSCRI><![CDATA[: INC PCK.AUTOMIC_OPENSTACK.PUB.INCLUDE.PUBLISH_AUTH_TOKEN
! Publishing server id list to object variable in case of success
:SET &STATUS# = GET_UC_OBJECT_STATUS(,,"RETCODE")


:IF &STATUS# EQ 0
!--creating dynamic VARA --
:SET &UC4RB_OPS_VARA_NAME# = "PCK.AUTOMIC_OPENSTACK.PRV.VARA.SERVERLIST_&$RUNID#"
:SET &RET# = CREATE_OBJECT("VARA",&UC4RB_OPS_VARA_NAME#,"/APPDATA/TEMP","Openstack Server list",,,)

!--Checking if VARA created successfully
:IF &RET# EQ 0
:  SET &IDX# = 1
:  SET &HND# = PREP_PROCESS_REPORT("JOBS",, "REP",,"COL=DELIMITER", 'DELIMITER=*::=*')
:  PROCESS &HND#
:    SET &KEY# = GET_PROCESS_LINE(&HND#,1)
:    SET &VALUE# = GET_PROCESS_LINE(&HND#,2)
:    IF &KEY# <> ""
:      IF &VALUE# <> ""
:        IF STR_FIND(&KEY#, "UC4RB_OPS_SERVER_IDS") NE 0
:          PUT_VAR "&UC4RB_OPS_VARA_NAME#","&VALUE#",""
:        ENDIF
:      ENDIF
:    ENDIF
:  ENDPROCESS
:  CLOSE_PROCESS &HND#
!--Publishing the VARA name
:  PUBLISH &UC4RB_OPS_VARA_NAME#,,"TOP"
:  ELSE
:    PRINT "ERROR Creating VARA &UC4RB_OPS_VARA_NAME#"
:ENDIF
:ELSE
!--clearing values from the VARA name
:SET &UC4RB_OPS_VARA_NAME# = ""
:  PUBLISH &UC4RB_OPS_VARA_NAME#,,"TOP"
:ENDIF]]></OSCRI>
</POST_SCRIPT>
<DOCU_Docu state="1" type="text">
<DOC/>
</DOCU_Docu>
</JOBS_GENERIC>
</uc-export>
