<?xml version="1.0" encoding="ISO-8859-15" standalone="no"?><uc-export clientvers="11.0.0">
<JOBI name="PCK.AUTOMIC_OPENSTACK.PUB.INCLUDE.CREATE_FILE">
<HEADER state="1">
<Title>Create file</Title>
<ArchiveKey1/>
<ArchiveKey2/>
<OH_SubType/>
</HEADER>
<SCRIPT mode="1" state="1">
<MSCRI><![CDATA[! --------------- file path -----------------------------------------
:  SET &AGENT_CURR_DIR# = GET_VAR('UC_EX_PATH_TEMP', &AGENT#)
:  SET &UC4RB_OPS_FILENAME# = "&UC4RB_OPS_FILENAME#-&$TOP_PROCESSFLOW_RUNID#.xml"
:  set &UC4RB_OPS_FILE_PATH# = STR_CAT(&AGENT_CURR_DIR#,&UC4RB_OPS_FILENAME#)

! ----------------- Writing File-------------------------------------
:    PRINT &UC4RB_OPS_FILE_CONTENT#
:    SET &HND# = CREATE_PROCESS(NEW)
:    SET &RET# = PUT_PROCESS_LINE(&HND#, &UC4RB_OPS_FILE_CONTENT#)
:    SET &RET# = WRITE_PROCESS(&HND#,&UC4RB_OPS_FILE_PATH#,&AGENT#,&LOGIN#,OVERWRITE)
:    CLOSE_PROCESS &HND#
:    IF &RET# > 0
:      PRINT "Error in writing file to path : &UC4RB_OPS_FILE_PATH#"
:      PSET &UC4RB_OPS_FILE_PATH# = ""
:    ELSE
:      PUBLISH &UC4RB_OPS_FILE_PATH# ,,"TOP"
:    ENDIF]]></MSCRI>
</SCRIPT>
<DOCU_Docu state="1" type="text">
<DOC/>
</DOCU_Docu>
</JOBI>
</uc-export>