<?xml version="1.0" encoding="ISO-8859-15"?>
<uc-export clientvers="11.0.0-sprint.20141111.1610+build.2828">
<JOBI name="PCK.AUTOMIC_OPENSTACK.PUB.INCLUDE.ACTIVATE_OBJECT">
<HEADER state="1">
<Title>Activate AE object</Title>
<ArchiveKey1/>
<ArchiveKey2/>
<OH_SubType/>
</HEADER>
<SCRIPT mode="1" state="1">
<MSCRI><![CDATA[:     SET &ACTOBJ# = ACTIVATE_UC_OBJECT(&UC4RB_OPS_OBJECT_TYPE#,WAIT,,,,PASS_VALUES)
:     SET &STATUS# = GET_UC_OBJECT_STATUS(,&ACTOBJ#,"RETCODE")
:     IF &STATUS# <> "0"
:         STOP MSG, 50, "Error while executing &UC4RB_OPS_OBJECT_TYPE# object "
:     ENDIF 
:     IF &ACTOBJ# = "0"
:         SET &ERRNR# = SYS_LAST_ERR_NR() 
:         SET &ERRINS#  = SYS_LAST_ERR_INS() 
:         SET &MESSAGE# = GET_MSG_TXT(&ERRNR#,&ERRINS#) 
:         PRINT "Error while activating check server status object :&MESSAGE#"
:         STOP MSG, 50, "Error while activating &UC4RB_OPS_OBJECT_TYPE# object :&MESSAGE#"
:      ENDIF
]]></MSCRI>
</SCRIPT>
<DOCU_Docu state="1" type="text">
<DOC/>
</DOCU_Docu>
</JOBI>
</uc-export>
