<?xml version="1.0" encoding="ISO-8859-15"?>
<uc-export clientvers="11.0.0-sprint.20141111.1610+build.2828">
<JOBI name="PCK.AUTOMIC_OPENSTACK.PUB.INCLUDE.PUBLISH_AUTH_TOKEN">
<HEADER state="1">
<Title>to publish the authentication token</Title>
<ArchiveKey1/>
<ArchiveKey2/>
<OH_SubType/>
</HEADER>
<SCRIPT mode="1" state="1">
<MSCRI><![CDATA[!Publish the authentication token generated
:SET &STATUS# = GET_UC_OBJECT_STATUS(,,"RETCODE")

:IF &STATUS# EQ 0
:SET &HND# = PREP_PROCESS_REPORT("JOBS",, "REP",,"COL=DELIMITER", 'DELIMITER=*::=*')
:PROCESS &HND#
:   SET &KEY# = GET_PROCESS_LINE(&HND#,1)
:   SET &VALUE# = GET_PROCESS_LINE(&HND#,2)
: IF &KEY# <> ""
:   IF &VALUE# <> ""
:      IF &KEY# = "UC4RB_OPS_AUTH_TOKEN"
:         SET &UC4RB_OPS_AUTH_TOKEN# = "&VALUE#"
:         PUBLISH &UC4RB_OPS_AUTH_TOKEN#,,"TOP"
:         TERM_PROCESS
:      ENDIF
:   ENDIF
: ENDIF
:ENDPROCESS
:CLOSE_PROCESS &HND#
:ENDIF]]></MSCRI>
</SCRIPT>
<DOCU_Docu state="1" type="text">
<DOC/>
</DOCU_Docu>
</JOBI>
</uc-export>
