<?xml version="1.0" encoding="ISO-8859-15"?>
<uc-export clientvers="11.0.0-sprint.20141111.1610+build.2828">
<JOBI name="PCK.AUTOMIC_OPENSTACK.PUB.INCLUDE.BUILD_JAVA_ARGUMENTS">
<HEADER state="1">
<Title/>
<ArchiveKey1/>
<ArchiveKey2/>
<OH_SubType/>
</HEADER>
<SCRIPT mode="1" state="1">
<MSCRI><![CDATA[:INC PCK.AUTOMIC_OPENSTACK.PUB.INCLUDE.BUILD_ACTION_SPECIFIC_JAVA_ARGUMENTS

! Load package parameters
: INC PCK.AUTOMIC_OPENSTACK.PUB.INCLUDE.LOAD_PCK_PARAMETERS

! Add read timeout, connection timeout and x-ms-version to java arguments
: SET &UC4RB_OPS_JAVA_ARGUMENTS# = STR_CAT(&UC4RB_OPS_JAVA_ARGUMENTS#, " ")
: SET &UC4RB_OPS_JAVA_ARGUMENTS# = STR_CAT(&UC4RB_OPS_JAVA_ARGUMENTS#, "-readtimeout")
: SET &UC4RB_OPS_JAVA_ARGUMENTS# = STR_CAT(&UC4RB_OPS_JAVA_ARGUMENTS#, " ")
: SET &UC4RB_OPS_JAVA_ARGUMENTS# = STR_CAT(&UC4RB_OPS_JAVA_ARGUMENTS#, "&UC4RB_OPS_READ_TIMEOUT#")

: SET &UC4RB_OPS_JAVA_ARGUMENTS# = STR_CAT(&UC4RB_OPS_JAVA_ARGUMENTS#, " ")
: SET &UC4RB_OPS_JAVA_ARGUMENTS# = STR_CAT(&UC4RB_OPS_JAVA_ARGUMENTS#, "-connectiontimeout")
: SET &UC4RB_OPS_JAVA_ARGUMENTS# = STR_CAT(&UC4RB_OPS_JAVA_ARGUMENTS#, " ")
: SET &UC4RB_OPS_JAVA_ARGUMENTS# = STR_CAT(&UC4RB_OPS_JAVA_ARGUMENTS#, "&UC4RB_OPS_CONNECTION_TIMEOUT#")

: SET &UC4RB_OPS_SYSDATE# = SYS_TIMESTAMP_PHYSICAL()
: SET &UC4RB_OPS_JAVA_ARGUMENTS# = STR_CAT(&UC4RB_OPS_JAVA_ARGUMENTS#, " ")
: SET &UC4RB_OPS_JAVA_ARGUMENTS# = STR_CAT(&UC4RB_OPS_JAVA_ARGUMENTS#, "-currentdate")
: SET &UC4RB_OPS_JAVA_ARGUMENTS# = STR_CAT(&UC4RB_OPS_JAVA_ARGUMENTS#, " ")
: SET &UC4RB_OPS_JAVA_ARGUMENTS# = STR_CAT(&UC4RB_OPS_JAVA_ARGUMENTS#, '"&UC4RB_OPS_SYSDATE#"Z')

: INC PCK.AUTOMIC_OPENSTACK.PUB.INCLUDE.READ_TIMEOUT_THRESHOLD
: SET &UC4RB_OPS_JAVA_ARGUMENTS# = STR_CAT(&UC4RB_OPS_JAVA_ARGUMENTS#, " ")
: SET &UC4RB_OPS_JAVA_ARGUMENTS# = STR_CAT(&UC4RB_OPS_JAVA_ARGUMENTS#, "-timeoutcriteria")
: SET &UC4RB_OPS_JAVA_ARGUMENTS# = STR_CAT(&UC4RB_OPS_JAVA_ARGUMENTS#, " ")
: SET &UC4RB_OPS_JAVA_ARGUMENTS# = STR_CAT(&UC4RB_OPS_JAVA_ARGUMENTS#, "&UC4RB_OPS_TIMEOUT_CRITERIA#")
]]></MSCRI>
</SCRIPT>
<DOCU_Docu state="1" type="text">
<DOC/>
</DOCU_Docu>
</JOBI>
</uc-export>
