<?xml version="1.0" encoding="ISO-8859-15"?>
<uc-export clientvers="11.0.0-sprint.20141111.1610+build.2828">
<JOBI name="PCK.AUTOMIC_OPENSTACK.PUB.INCLUDE.GET_SERVER_STATUS">
<HEADER state="1">
<Title>Get the server status</Title>
<ArchiveKey1/>
<ArchiveKey2/>
<OH_SubType/>
</HEADER>
<SCRIPT mode="1" state="1">
<MSCRI><![CDATA[:INC PCK.AUTOMIC_OPENSTACK.PUB.INCLUDE.READ_FILE

!Processing the XML file
:SET &ROOTHND# = XML_OPEN(STRING, &UC4RB_OPS_FILE_CONTENT#)
:IF &ROOTHND# <> ""
:    SET &UC4RB_OPS_SERVER_STATUS# = XML_SELECT_NODE(&ROOTHND#, "status")
:    IF &UC4RB_OPS_SERVER_STATUS# <> ""
:        SET &UC4RB_OPS_SERVER_STATUS# = XML_GET_NODE_TEXT(&UC4RB_OPS_SERVER_STATUS#)
:    ENDIF
:ENDIF
]]></MSCRI>
</SCRIPT>
<DOCU_Docu state="1" type="text">
<DOC/>
</DOCU_Docu>
</JOBI>
</uc-export>
