<?xml version="1.0" encoding="ISO-8859-15"?>
<uc-export clientvers="11.0.0-sprint.20141111.1610+build.2828">
<JOBI name="PCK.AUTOMIC_OPENSTACK.PUB.INCLUDE.SET_EXEC_ENVIRONMENT">
<HEADER state="1">
<Title/>
<ArchiveKey1/>
<ArchiveKey2/>
<OH_SubType/>
</HEADER>
<SCRIPT mode="1" state="1">
<MSCRI><![CDATA[! Setting execution environment
! Print Header
:INC PCK.ITPA_SHARED.PRV.INCLUDE.LOGGING.HEADER.EXECUTION
:INC PCK.ITPA_SHARED.PRV.INCLUDE.CHANGE_DIRECTORY_TO_AGENT_BIN
:INC PCK.AUTOMIC_OPENSTACK.PUB.INCLUDE.ATTACH_RESOURCE
]]></MSCRI>
</SCRIPT>
<DOCU_Docu state="1" type="text">
<DOC/>
</DOCU_Docu>
</JOBI>
</uc-export>
